{"cameraMode":{"drawMode":0,"name":"Shaded","section":"Shading Mode"},"sceneLighting":false,"audioPlay":false,"sceneViewState":{"showFog":true,"showMaterialUpdate":false,"showSkybox":false,"showFlares":true,"showImageEffects":true,"showParticleSystems":true},"in2DMode":false,"pivot":{"x":0.0,"y":0.8421500325202942,"z":-0.016641169786453248},"rotation":{"x":0.32560059428215029,"y":0.3960528075695038,"z":-0.152627095580101,"w":0.8449744582176209},"size":1.3436055183410645,"orthographic":false}