{"cameraMode":{"drawMode":0,"name":"Shaded","section":"Shading Mode"},"sceneLighting":true,"audioPlay":false,"sceneViewState":{"showFog":true,"showMaterialUpdate":false,"showSkybox":true,"showFlares":true,"showImageEffects":true,"showParticleSystems":true},"in2DMode":false,"pivot":{"x":-42.58730697631836,"y":2.49053955078125,"z":143.30970764160157},"rotation":{"x":-0.027919070795178415,"y":0.959550678730011,"z":-0.26126790046691897,"w":-0.10349466651678086},"size":15.545755386352539,"orthographic":false}