{"cameraMode":{"drawMode":0,"name":"Shaded","section":"Shading Mode"},"sceneLighting":false,"audioPlay":false,"sceneViewState":{"showFog":true,"showMaterialUpdate":false,"showSkybox":false,"showFlares":true,"showImageEffects":true,"showParticleSystems":true},"in2DMode":false,"pivot":{"x":1.0534790754318238,"y":1.2462308406829835,"z":-1.3184359073638917},"rotation":{"x":0.09278348833322525,"y":-0.6296650767326355,"z":0.07613544166088104,"w":0.7675802111625671},"size":10.63054370880127,"orthographic":false}