{"cameraMode":{"drawMode":0,"name":"Shaded","section":"Shading Mode"},"sceneLighting":false,"audioPlay":false,"sceneViewState":{"showFog":true,"showMaterialUpdate":false,"showSkybox":false,"showFlares":true,"showImageEffects":true,"showParticleSystems":true},"in2DMode":false,"pivot":{"x":2.5726606845855715,"y":1.055661678314209,"z":-3.5638370513916017},"rotation":{"x":0.30090051889419558,"y":0.23013700544834138,"z":-0.07507535070180893,"w":0.9224731922149658},"size":7.388381004333496,"orthographic":false}