{"cameraMode":{"drawMode":0,"name":"Shaded","section":"Shading Mode"},"sceneLighting":false,"audioPlay":false,"sceneViewState":{"showFog":true,"showMaterialUpdate":false,"showSkybox":false,"showFlares":true,"showImageEffects":true,"showParticleSystems":true},"in2DMode":false,"pivot":{"x":1231.9000244140625,"y":43.60002136230469,"z":0.0},"rotation":{"x":0.022806992754340173,"y":-0.004507364705204964,"z":0.00010816472786245868,"w":0.9997596740722656},"size":475.9713134765625,"orthographic":false}