{"cameraMode":{"drawMode":0,"name":"Shaded","section":"Shading Mode"},"sceneLighting":false,"audioPlay":false,"sceneViewState":{"showFog":true,"showMaterialUpdate":false,"showSkybox":false,"showFlares":true,"showImageEffects":true,"showParticleSystems":true},"in2DMode":false,"pivot":{"x":-0.8755214214324951,"y":2.3138859272003176,"z":-1.6623576879501343},"rotation":{"x":0.043379928916692737,"y":-0.7104327082633972,"z":0.04397575557231903,"w":0.7010945081710815},"size":7.8036699295043949,"orthographic":false}