{"cameraMode":{"drawMode":0,"name":"Shaded","section":"Shading Mode"},"sceneLighting":true,"audioPlay":false,"sceneViewState":{"showFog":true,"showMaterialUpdate":false,"showSkybox":true,"showFlares":true,"showImageEffects":true,"showParticleSystems":true},"in2DMode":false,"pivot":{"x":-15.476825714111329,"y":1.1527388095855713,"z":158.5},"rotation":{"x":0.11741931736469269,"y":0.812644898891449,"z":-0.17440924048423768,"w":0.5437074899673462},"size":11.486252784729004,"orthographic":false}