{"cameraMode":{"drawMode":0,"name":"Shaded","section":"Shading Mode"},"sceneLighting":true,"audioPlay":false,"sceneViewState":{"showFog":true,"showMaterialUpdate":false,"showSkybox":true,"showFlares":true,"showImageEffects":true,"showParticleSystems":true},"in2DMode":false,"pivot":{"x":2.214381456375122,"y":1.4433673620224,"z":2.533017873764038},"rotation":{"x":0.09035026282072067,"y":0.5277557969093323,"z":-0.056592073291540149,"w":0.8427364230155945},"size":5.728143692016602,"orthographic":false}