{"cameraMode":{"drawMode":0,"name":"Shaded","section":"Shading Mode"},"sceneLighting":true,"audioPlay":false,"sceneViewState":{"showFog":true,"showMaterialUpdate":false,"showSkybox":true,"showFlares":true,"showImageEffects":true,"showParticleSystems":true},"in2DMode":false,"pivot":{"x":5.960464477539063e-8,"y":1.0,"z":-3.0360000133514406},"rotation":{"x":0.08086320012807846,"y":-0.7666957974433899,"z":0.09853172302246094,"w":0.6292888522148132},"size":5.070232391357422,"orthographic":false}